store_id,item_id,date,qty_sold
1,101,2023-01-01,35
1,101,2023-01-02,30
1,101,2023-01-03,26
1,101,2023-01-04,23
1,101,2023-01-05,22
1,101,2023-01-06,34
1,101,2023-01-07,26
1,101,2023-01-08,26
1,101,2023-01-09,19
1,101,2023-01-10,23
1,101,2023-01-11,18
1,101,2023-01-12,17
1,101,2023-01-13,27
1,101,2023-01-14,21
1,101,2023-01-15,17
1,101,2023-01-16,16
1,101,2023-01-17,27
1,101,2023-01-18,27
1,101,2023-01-19,32
1,101,2023-01-20,25
1,101,2023-01-21,31
1,101,2023-01-22,30
1,101,2023-01-23,30
1,101,2023-01-24,34
1,101,2023-01-25,27
1,101,2023-01-26,35
1,101,2023-01-27,18
1,101,2023-01-28,20
1,101,2023-01-29,34
1,101,2023-01-30,22
1,101,2023-01-31,24
1,101,2023-02-01,22
1,101,2023-02-02,33
1,101,2023-02-03,19
1,101,2023-02-04,29
1,101,2023-02-05,33
1,101,2023-02-06,24
1,101,2023-02-07,17
1,101,2023-02-08,35
1,101,2023-02-09,30
1,101,2023-02-10,22
1,101,2023-02-11,27
1,101,2023-02-12,23
1,101,2023-02-13,30
1,101,2023-02-14,18
1,101,2023-02-15,29
1,101,2023-02-16,32
1,101,2023-02-17,19
1,101,2023-02-18,33
1,101,2023-02-19,23
1,101,2023-02-20,19
1,101,2023-02-21,17
1,101,2023-02-22,21
1,101,2023-02-23,25
1,101,2023-02-24,19
1,101,2023-02-25,33
1,101,2023-02-26,27
1,101,2023-02-27,17
1,101,2023-02-28,25
1,101,2023-03-01,19
1,101,2023-03-02,29
1,101,2023-03-03,31
1,101,2023-03-04,30
1,101,2023-03-05,23
1,101,2023-03-06,29
1,101,2023-03-07,23
1,101,2023-03-08,31
1,101,2023-03-09,28
1,101,2023-03-10,33
1,101,2023-03-11,30
1,101,2023-03-12,28
1,101,2023-03-13,24
1,101,2023-03-14,30
1,101,2023-03-15,28
1,101,2023-03-16,16
1,101,2023-03-17,22
1,101,2023-03-18,24
1,101,2023-03-19,16
1,101,2023-03-20,27
1,101,2023-03-21,23
1,101,2023-03-22,26
1,101,2023-03-23,34
1,101,2023-03-24,32
1,101,2023-03-25,23
1,101,2023-03-26,18
1,101,2023-03-27,18
1,101,2023-03-28,16
1,101,2023-03-29,20
1,101,2023-03-30,25
1,101,2023-03-31,22
1,101,2023-04-01,24
1,101,2023-04-02,22
1,101,2023-04-03,24
1,101,2023-04-04,23
1,101,2023-04-05,27
1,101,2023-04-06,17
1,101,2023-04-07,16
1,101,2023-04-08,31
1,101,2023-04-09,20
1,101,2023-04-10,18
1,101,2023-04-11,27
1,101,2023-04-12,23
1,101,2023-04-13,18
1,101,2023-04-14,16
1,101,2023-04-15,18
1,101,2023-04-16,20
1,101,2023-04-17,30
1,101,2023-04-18,29
1,101,2023-04-19,18
1,101,2023-04-20,16
1,101,2023-04-21,20
1,101,2023-04-22,29
1,101,2023-04-23,22
1,101,2023-04-24,24
1,101,2023-04-25,30
1,101,2023-04-26,30
1,101,2023-04-27,25
1,101,2023-04-28,28
1,101,2023-04-29,34
1,101,2023-04-30,22
1,101,2023-05-01,32
1,101,2023-05-02,35
1,101,2023-05-03,19
1,101,2023-05-04,20
1,101,2023-05-05,22
1,101,2023-05-06,28
1,101,2023-05-07,30
1,101,2023-05-08,26
1,101,2023-05-09,19
1,101,2023-05-10,28
1,101,2023-05-11,22
1,101,2023-05-12,34
1,101,2023-05-13,17
1,101,2023-05-14,25
1,101,2023-05-15,28
1,101,2023-05-16,21
1,101,2023-05-17,27
1,101,2023-05-18,27
1,101,2023-05-19,35
1,101,2023-05-20,26
1,101,2023-05-21,22
1,101,2023-05-22,16
1,101,2023-05-23,16
1,101,2023-05-24,35
1,101,2023-05-25,28
1,101,2023-05-26,24
1,101,2023-05-27,18
1,101,2023-05-28,22
1,101,2023-05-29,21
1,101,2023-05-30,23
1,101,2023-05-31,24
1,101,2023-06-01,20
1,101,2023-06-02,16
1,101,2023-06-03,34
1,101,2023-06-04,25
1,101,2023-06-05,27
1,101,2023-06-06,30
1,101,2023-06-07,24
1,101,2023-06-08,35
1,101,2023-06-09,32
1,101,2023-06-10,32
1,101,2023-06-11,35
1,101,2023-06-12,27
1,101,2023-06-13,22
1,101,2023-06-14,17
1,101,2023-06-15,18
1,101,2023-06-16,32
1,101,2023-06-17,20
1,101,2023-06-18,32
1,101,2023-06-19,32
1,101,2023-06-20,32
1,101,2023-06-21,17
1,101,2023-06-22,17
1,101,2023-06-23,20
1,101,2023-06-24,16
1,101,2023-06-25,16
1,101,2023-06-26,34
1,101,2023-06-27,17
1,101,2023-06-28,27
1,101,2023-06-29,21
1,101,2023-06-30,19
1,101,2023-07-01,26
1,101,2023-07-02,32
1,101,2023-07-03,21
1,101,2023-07-04,20
1,101,2023-07-05,35
1,101,2023-07-06,17
1,101,2023-07-07,21
1,101,2023-07-08,26
1,101,2023-07-09,31
1,101,2023-07-10,31
1,101,2023-07-11,16
1,101,2023-07-12,24
1,101,2023-07-13,21
1,101,2023-07-14,31
1,101,2023-07-15,18
1,101,2023-07-16,35
1,101,2023-07-17,19
1,101,2023-07-18,34
1,101,2023-07-19,18
1,101,2023-07-20,34
1,101,2023-07-21,35
1,101,2023-07-22,22
1,101,2023-07-23,35
1,101,2023-07-24,24
1,101,2023-07-25,16
1,101,2023-07-26,23
1,101,2023-07-27,22
1,101,2023-07-28,33
1,101,2023-07-29,23
1,101,2023-07-30,16
1,101,2023-07-31,26
1,101,2023-08-01,33
1,101,2023-08-02,25
1,101,2023-08-03,18
1,101,2023-08-04,22
1,101,2023-08-05,31
1,101,2023-08-06,31
1,101,2023-08-07,35
1,101,2023-08-08,32
1,101,2023-08-09,17
1,101,2023-08-10,16
1,101,2023-08-11,31
1,101,2023-08-12,27
1,101,2023-08-13,20
1,101,2023-08-14,20
1,101,2023-08-15,24
1,101,2023-08-16,24
1,101,2023-08-17,18
1,101,2023-08-18,34
1,101,2023-08-19,31
1,101,2023-08-20,31
1,101,2023-08-21,18
1,101,2023-08-22,35
1,101,2023-08-23,16
1,101,2023-08-24,35
1,101,2023-08-25,26
1,101,2023-08-26,32
1,101,2023-08-27,23
1,101,2023-08-28,19
1,101,2023-08-29,21
1,101,2023-08-30,23
1,101,2023-08-31,35
1,101,2023-09-01,18
1,101,2023-09-02,31
1,101,2023-09-03,18
1,101,2023-09-04,33
1,101,2023-09-05,29
1,101,2023-09-06,33
1,101,2023-09-07,17
1,101,2023-09-08,18
1,101,2023-09-09,31
1,101,2023-09-10,24
1,101,2023-09-11,19
1,101,2023-09-12,16
1,101,2023-09-13,19
1,101,2023-09-14,16
1,101,2023-09-15,29
1,101,2023-09-16,31
1,101,2023-09-17,35
1,101,2023-09-18,23
1,101,2023-09-19,22
1,101,2023-09-20,18
1,101,2023-09-21,32
1,101,2023-09-22,16
1,101,2023-09-23,31
1,101,2023-09-24,27
1,101,2023-09-25,34
1,101,2023-09-26,29
1,101,2023-09-27,21
1,101,2023-09-28,21
1,101,2023-09-29,28
1,101,2023-09-30,34
1,101,2023-10-01,23
1,101,2023-10-02,17
1,101,2023-10-03,16
1,101,2023-10-04,30
1,101,2023-10-05,16
1,101,2023-10-06,20
1,101,2023-10-07,31
1,101,2023-10-08,34
1,101,2023-10-09,19
1,101,2023-10-10,18
1,101,2023-10-11,32
1,101,2023-10-12,32
1,101,2023-10-13,27
1,101,2023-10-14,29
1,101,2023-10-15,21
1,101,2023-10-16,18
1,101,2023-10-17,24
1,101,2023-10-18,20
1,101,2023-10-19,32
1,101,2023-10-20,29
1,101,2023-10-21,18
1,101,2023-10-22,16
1,101,2023-10-23,35
1,101,2023-10-24,16
1,101,2023-10-25,18
1,101,2023-10-26,33
1,101,2023-10-27,25
1,101,2023-10-28,18
1,101,2023-10-29,23
1,101,2023-10-30,29
1,101,2023-10-31,33
1,101,2023-11-01,30
1,101,2023-11-02,17
1,101,2023-11-03,25
1,101,2023-11-04,17
1,101,2023-11-05,32
1,101,2023-11-06,23
1,101,2023-11-07,16
1,101,2023-11-08,24
1,101,2023-11-09,26
1,101,2023-11-10,31
1,101,2023-11-11,22
1,101,2023-11-12,25
1,101,2023-11-13,18
1,101,2023-11-14,33
1,101,2023-11-15,28
1,101,2023-11-16,22
1,101,2023-11-17,19
1,101,2023-11-18,28
1,101,2023-11-19,35
1,101,2023-11-20,16
1,101,2023-11-21,23
1,101,2023-11-22,29
1,101,2023-11-23,31
1,101,2023-11-24,29
1,101,2023-11-25,27
1,101,2023-11-26,34
1,101,2023-11-27,30
1,101,2023-11-28,17
1,101,2023-11-29,17
1,101,2023-11-30,34
1,101,2023-12-01,32
1,101,2023-12-02,35
1,101,2023-12-03,25
1,101,2023-12-04,21
1,101,2023-12-05,30
1,101,2023-12-06,26
1,101,2023-12-07,20
1,101,2023-12-08,16
1,101,2023-12-09,23
1,101,2023-12-10,27
1,101,2023-12-11,27
1,101,2023-12-12,20
1,101,2023-12-13,22
1,101,2023-12-14,19
1,101,2023-12-15,21
1,101,2023-12-16,28
1,101,2023-12-17,35
1,101,2023-12-18,30
1,101,2023-12-19,18
1,101,2023-12-20,23
1,101,2023-12-21,35
1,101,2023-12-22,31
1,101,2023-12-23,28
1,101,2023-12-24,33
1,101,2023-12-25,25
1,101,2023-12-26,34
1,101,2023-12-27,32
1,101,2023-12-28,34
1,101,2023-12-29,20
1,101,2023-12-30,24
1,101,2023-12-31,27
1,102,2023-01-01,30
1,102,2023-01-02,30
1,102,2023-01-03,44
1,102,2023-01-04,31
1,102,2023-01-05,45
1,102,2023-01-06,37
1,102,2023-01-07,42
1,102,2023-01-08,30
1,102,2023-01-09,45
1,102,2023-01-10,36
1,102,2023-01-11,34
1,102,2023-01-12,32
1,102,2023-01-13,41
1,102,2023-01-14,45
1,102,2023-01-15,48
1,102,2023-01-16,34
1,102,2023-01-17,43
1,102,2023-01-18,34
1,102,2023-01-19,44
1,102,2023-01-20,46
1,102,2023-01-21,43
1,102,2023-01-22,49
1,102,2023-01-23,34
1,102,2023-01-24,41
1,102,2023-01-25,45
1,102,2023-01-26,45
1,102,2023-01-27,36
1,102,2023-01-28,33
1,102,2023-01-29,30
1,102,2023-01-30,34
1,102,2023-01-31,39
1,102,2023-02-01,34
1,102,2023-02-02,33
1,102,2023-02-03,31
1,102,2023-02-04,49
1,102,2023-02-05,39
1,102,2023-02-06,48
1,102,2023-02-07,30
1,102,2023-02-08,34
1,102,2023-02-09,42
1,102,2023-02-10,33
1,102,2023-02-11,45
1,102,2023-02-12,45
1,102,2023-02-13,31
1,102,2023-02-14,46
1,102,2023-02-15,49
1,102,2023-02-16,41
1,102,2023-02-17,47
1,102,2023-02-18,32
1,102,2023-02-19,30
1,102,2023-02-20,30
1,102,2023-02-21,48
1,102,2023-02-22,40
1,102,2023-02-23,34
1,102,2023-02-24,41
1,102,2023-02-25,32
1,102,2023-02-26,30
1,102,2023-02-27,30
1,102,2023-02-28,37
1,102,2023-03-01,39
1,102,2023-03-02,40
1,102,2023-03-03,41
1,102,2023-03-04,42
1,102,2023-03-05,41
1,102,2023-03-06,43
1,102,2023-03-07,31
1,102,2023-03-08,48
1,102,2023-03-09,47
1,102,2023-03-10,32
1,102,2023-03-11,46
1,102,2023-03-12,37
1,102,2023-03-13,39
1,102,2023-03-14,31
1,102,2023-03-15,48
1,102,2023-03-16,38
1,102,2023-03-17,36
1,102,2023-03-18,33
1,102,2023-03-19,47
1,102,2023-03-20,42
1,102,2023-03-21,40
1,102,2023-03-22,33
1,102,2023-03-23,33
1,102,2023-03-24,39
1,102,2023-03-25,34
1,102,2023-03-26,38
1,102,2023-03-27,32
1,102,2023-03-28,46
1,102,2023-03-29,32
1,102,2023-03-30,45
1,102,2023-03-31,33
1,102,2023-04-01,47
1,102,2023-04-02,46
1,102,2023-04-03,36
1,102,2023-04-04,34
1,102,2023-04-05,41
1,102,2023-04-06,46
1,102,2023-04-07,42
1,102,2023-04-08,32
1,102,2023-04-09,38
1,102,2023-04-10,46
1,102,2023-04-11,46
1,102,2023-04-12,49
1,102,2023-04-13,45
1,102,2023-04-14,42
1,102,2023-04-15,48
1,102,2023-04-16,46
1,102,2023-04-17,33
1,102,2023-04-18,41
1,102,2023-04-19,38
1,102,2023-04-20,48
1,102,2023-04-21,41
1,102,2023-04-22,38
1,102,2023-04-23,36
1,102,2023-04-24,43
1,102,2023-04-25,49
1,102,2023-04-26,48
1,102,2023-04-27,44
1,102,2023-04-28,45
1,102,2023-04-29,34
1,102,2023-04-30,32
1,102,2023-05-01,41
1,102,2023-05-02,49
1,102,2023-05-03,33
1,102,2023-05-04,45
1,102,2023-05-05,36
1,102,2023-05-06,42
1,102,2023-05-07,39
1,102,2023-05-08,36
1,102,2023-05-09,43
1,102,2023-05-10,34
1,102,2023-05-11,32
1,102,2023-05-12,40
1,102,2023-05-13,40
1,102,2023-05-14,47
1,102,2023-05-15,44
1,102,2023-05-16,41
1,102,2023-05-17,38
1,102,2023-05-18,39
1,102,2023-05-19,41
1,102,2023-05-20,46
1,102,2023-05-21,35
1,102,2023-05-22,36
1,102,2023-05-23,43
1,102,2023-05-24,42
1,102,2023-05-25,37
1,102,2023-05-26,39
1,102,2023-05-27,38
1,102,2023-05-28,47
1,102,2023-05-29,31
1,102,2023-05-30,34
1,102,2023-05-31,34
1,102,2023-06-01,35
1,102,2023-06-02,48
1,102,2023-06-03,37
1,102,2023-06-04,45
1,102,2023-06-05,42
1,102,2023-06-06,30
1,102,2023-06-07,49
1,102,2023-06-08,46
1,102,2023-06-09,36
1,102,2023-06-10,42
1,102,2023-06-11,33
1,102,2023-06-12,33
1,102,2023-06-13,35
1,102,2023-06-14,48
1,102,2023-06-15,41
1,102,2023-06-16,36
1,102,2023-06-17,39
1,102,2023-06-18,48
1,102,2023-06-19,36
1,102,2023-06-20,32
1,102,2023-06-21,42
1,102,2023-06-22,42
1,102,2023-06-23,47
1,102,2023-06-24,49
1,102,2023-06-25,37
1,102,2023-06-26,38
1,102,2023-06-27,36
1,102,2023-06-28,30
1,102,2023-06-29,32
1,102,2023-06-30,42
1,102,2023-07-01,46
1,102,2023-07-02,30
1,102,2023-07-03,35
1,102,2023-07-04,35
1,102,2023-07-05,41
1,102,2023-07-06,42
1,102,2023-07-07,42
1,102,2023-07-08,44
1,102,2023-07-09,45
1,102,2023-07-10,40
1,102,2023-07-11,34
1,102,2023-07-12,33
1,102,2023-07-13,32
1,102,2023-07-14,48
1,102,2023-07-15,49
1,102,2023-07-16,47
1,102,2023-07-17,44
1,102,2023-07-18,38
1,102,2023-07-19,46
1,102,2023-07-20,43
1,102,2023-07-21,44
1,102,2023-07-22,30
1,102,2023-07-23,32
1,102,2023-07-24,45
1,102,2023-07-25,40
1,102,2023-07-26,41
1,102,2023-07-27,39
1,102,2023-07-28,45
1,102,2023-07-29,37
1,102,2023-07-30,35
1,102,2023-07-31,41
1,102,2023-08-01,37
1,102,2023-08-02,33
1,102,2023-08-03,37
1,102,2023-08-04,47
1,102,2023-08-05,34
1,102,2023-08-06,38
1,102,2023-08-07,33
1,102,2023-08-08,46
1,102,2023-08-09,38
1,102,2023-08-10,30
1,102,2023-08-11,49
1,102,2023-08-12,42
1,102,2023-08-13,45
1,102,2023-08-14,42
1,102,2023-08-15,43
1,102,2023-08-16,32
1,102,2023-08-17,35
1,102,2023-08-18,47
1,102,2023-08-19,48
1,102,2023-08-20,34
1,102,2023-08-21,44
1,102,2023-08-22,31
1,102,2023-08-23,39
1,102,2023-08-24,47
1,102,2023-08-25,42
1,102,2023-08-26,34
1,102,2023-08-27,30
1,102,2023-08-28,30
1,102,2023-08-29,47
1,102,2023-08-30,44
1,102,2023-08-31,46
1,102,2023-09-01,40
1,102,2023-09-02,46
1,102,2023-09-03,42
1,102,2023-09-04,30
1,102,2023-09-05,31
1,102,2023-09-06,38
1,102,2023-09-07,32
1,102,2023-09-08,30
1,102,2023-09-09,45
1,102,2023-09-10,35
1,102,2023-09-11,46
1,102,2023-09-12,34
1,102,2023-09-13,34
1,102,2023-09-14,35
1,102,2023-09-15,32
1,102,2023-09-16,34
1,102,2023-09-17,34
1,102,2023-09-18,39
1,102,2023-09-19,39
1,102,2023-09-20,48
1,102,2023-09-21,46
1,102,2023-09-22,43
1,102,2023-09-23,38
1,102,2023-09-24,43
1,102,2023-09-25,30
1,102,2023-09-26,48
1,102,2023-09-27,42
1,102,2023-09-28,42
1,102,2023-09-29,33
1,102,2023-09-30,30
1,102,2023-10-01,46
1,102,2023-10-02,37
1,102,2023-10-03,31
1,102,2023-10-04,37
1,102,2023-10-05,36
1,102,2023-10-06,31
1,102,2023-10-07,32
1,102,2023-10-08,47
1,102,2023-10-09,41
1,102,2023-10-10,30
1,102,2023-10-11,41
1,102,2023-10-12,34
1,102,2023-10-13,46
1,102,2023-10-14,45
1,102,2023-10-15,44
1,102,2023-10-16,44
1,102,2023-10-17,34
1,102,2023-10-18,43
1,102,2023-10-19,31
1,102,2023-10-20,40
1,102,2023-10-21,48
1,102,2023-10-22,36
1,102,2023-10-23,35
1,102,2023-10-24,31
1,102,2023-10-25,35
1,102,2023-10-26,47
1,102,2023-10-27,31
1,102,2023-10-28,47
1,102,2023-10-29,44
1,102,2023-10-30,48
1,102,2023-10-31,31
1,102,2023-11-01,49
1,102,2023-11-02,35
1,102,2023-11-03,30
1,102,2023-11-04,44
1,102,2023-11-05,39
1,102,2023-11-06,48
1,102,2023-11-07,46
1,102,2023-11-08,34
1,102,2023-11-09,33
1,102,2023-11-10,39
1,102,2023-11-11,46
1,102,2023-11-12,39
1,102,2023-11-13,46
1,102,2023-11-14,49
1,102,2023-11-15,34
1,102,2023-11-16,31
1,102,2023-11-17,35
1,102,2023-11-18,31
1,102,2023-11-19,42
1,102,2023-11-20,40
1,102,2023-11-21,40
1,102,2023-11-22,45
1,102,2023-11-23,40
1,102,2023-11-24,48
1,102,2023-11-25,44
1,102,2023-11-26,45
1,102,2023-11-27,40
1,102,2023-11-28,45
1,102,2023-11-29,37
1,102,2023-11-30,33
1,102,2023-12-01,37
1,102,2023-12-02,33
1,102,2023-12-03,32
1,102,2023-12-04,32
1,102,2023-12-05,47
1,102,2023-12-06,48
1,102,2023-12-07,48
1,102,2023-12-08,34
1,102,2023-12-09,47
1,102,2023-12-10,39
1,102,2023-12-11,35
1,102,2023-12-12,30
1,102,2023-12-13,34
1,102,2023-12-14,38
1,102,2023-12-15,41
1,102,2023-12-16,43
1,102,2023-12-17,31
1,102,2023-12-18,46
1,102,2023-12-19,43
1,102,2023-12-20,42
1,102,2023-12-21,38
1,102,2023-12-22,44
1,102,2023-12-23,44
1,102,2023-12-24,40
1,102,2023-12-25,45
1,102,2023-12-26,46
1,102,2023-12-27,33
1,102,2023-12-28,30
1,102,2023-12-29,37
1,102,2023-12-30,46
1,102,2023-12-31,32
1,103,2023-01-01,57
1,103,2023-01-02,52
1,103,2023-01-03,52
1,103,2023-01-04,51
1,103,2023-01-05,51
1,103,2023-01-06,39
1,103,2023-01-07,50
1,103,2023-01-08,51
1,103,2023-01-09,56
1,103,2023-01-10,44
1,103,2023-01-11,40
1,103,2023-01-12,52
1,103,2023-01-13,51
1,103,2023-01-14,48
1,103,2023-01-15,52
1,103,2023-01-16,50
1,103,2023-01-17,55
1,103,2023-01-18,43
1,103,2023-01-19,40
1,103,2023-01-20,56
1,103,2023-01-21,52
1,103,2023-01-22,42
1,103,2023-01-23,47
1,103,2023-01-24,44
1,103,2023-01-25,54
1,103,2023-01-26,44
1,103,2023-01-27,49
1,103,2023-01-28,54
1,103,2023-01-29,50
1,103,2023-01-30,57
1,103,2023-01-31,41
1,103,2023-02-01,47
1,103,2023-02-02,40
1,103,2023-02-03,46
1,103,2023-02-04,50
1,103,2023-02-05,55
1,103,2023-02-06,52
1,103,2023-02-07,41
1,103,2023-02-08,52
1,103,2023-02-09,39
1,103,2023-02-10,52
1,103,2023-02-11,45
1,103,2023-02-12,45
1,103,2023-02-13,54
1,103,2023-02-14,49
1,103,2023-02-15,56
1,103,2023-02-16,47
1,103,2023-02-17,46
1,103,2023-02-18,42
1,103,2023-02-19,43
1,103,2023-02-20,57
1,103,2023-02-21,39
1,103,2023-02-22,50
1,103,2023-02-23,43
1,103,2023-02-24,42
1,103,2023-02-25,38
1,103,2023-02-26,43
1,103,2023-02-27,43
1,103,2023-02-28,53
1,103,2023-03-01,41
1,103,2023-03-02,48
1,103,2023-03-03,46
1,103,2023-03-04,40
1,103,2023-03-05,56
1,103,2023-03-06,45
1,103,2023-03-07,42
1,103,2023-03-08,41
1,103,2023-03-09,43
1,103,2023-03-10,39
1,103,2023-03-11,57
1,103,2023-03-12,48
1,103,2023-03-13,41
1,103,2023-03-14,52
1,103,2023-03-15,43
1,103,2023-03-16,54
1,103,2023-03-17,43
1,103,2023-03-18,56
1,103,2023-03-19,39
1,103,2023-03-20,52
1,103,2023-03-21,48
1,103,2023-03-22,45
1,103,2023-03-23,56
1,103,2023-03-24,50
1,103,2023-03-25,49
1,103,2023-03-26,42
1,103,2023-03-27,43
1,103,2023-03-28,41
1,103,2023-03-29,56
1,103,2023-03-30,57
1,103,2023-03-31,38
1,103,2023-04-01,57
1,103,2023-04-02,54
1,103,2023-04-03,49
1,103,2023-04-04,52
1,103,2023-04-05,38
1,103,2023-04-06,51
1,103,2023-04-07,43
1,103,2023-04-08,42
1,103,2023-04-09,48
1,103,2023-04-10,41
1,103,2023-04-11,50
1,103,2023-04-12,48
1,103,2023-04-13,40
1,103,2023-04-14,38
1,103,2023-04-15,43
1,103,2023-04-16,55
1,103,2023-04-17,47
1,103,2023-04-18,42
1,103,2023-04-19,47
1,103,2023-04-20,49
1,103,2023-04-21,39
1,103,2023-04-22,50
1,103,2023-04-23,45
1,103,2023-04-24,39
1,103,2023-04-25,57
1,103,2023-04-26,38
1,103,2023-04-27,42
1,103,2023-04-28,46
1,103,2023-04-29,54
1,103,2023-04-30,46
1,103,2023-05-01,48
1,103,2023-05-02,52
1,103,2023-05-03,43
1,103,2023-05-04,40
1,103,2023-05-05,54
1,103,2023-05-06,42
1,103,2023-05-07,49
1,103,2023-05-08,55
1,103,2023-05-09,51
1,103,2023-05-10,48
1,103,2023-05-11,46
1,103,2023-05-12,39
1,103,2023-05-13,49
1,103,2023-05-14,40
1,103,2023-05-15,40
1,103,2023-05-16,38
1,103,2023-05-17,45
1,103,2023-05-18,45
1,103,2023-05-19,48
1,103,2023-05-20,46
1,103,2023-05-21,42
1,103,2023-05-22,51
1,103,2023-05-23,40
1,103,2023-05-24,42
1,103,2023-05-25,42
1,103,2023-05-26,56
1,103,2023-05-27,51
1,103,2023-05-28,41
1,103,2023-05-29,50
1,103,2023-05-30,47
1,103,2023-05-31,55
1,103,2023-06-01,45
1,103,2023-06-02,45
1,103,2023-06-03,44
1,103,2023-06-04,45
1,103,2023-06-05,51
1,103,2023-06-06,56
1,103,2023-06-07,43
1,103,2023-06-08,38
1,103,2023-06-09,52
1,103,2023-06-10,38
1,103,2023-06-11,54
1,103,2023-06-12,38
1,103,2023-06-13,52
1,103,2023-06-14,39
1,103,2023-06-15,51
1,103,2023-06-16,45
1,103,2023-06-17,45
1,103,2023-06-18,56
1,103,2023-06-19,44
1,103,2023-06-20,56
1,103,2023-06-21,43
1,103,2023-06-22,43
1,103,2023-06-23,40
1,103,2023-06-24,44
1,103,2023-06-25,56
1,103,2023-06-26,45
1,103,2023-06-27,47
1,103,2023-06-28,57
1,103,2023-06-29,52
1,103,2023-06-30,52
1,103,2023-07-01,38
1,103,2023-07-02,57
1,103,2023-07-03,44
1,103,2023-07-04,41
1,103,2023-07-05,43
1,103,2023-07-06,38
1,103,2023-07-07,42
1,103,2023-07-08,38
1,103,2023-07-09,41
1,103,2023-07-10,39
1,103,2023-07-11,47
1,103,2023-07-12,42
1,103,2023-07-13,47
1,103,2023-07-14,38
1,103,2023-07-15,43
1,103,2023-07-16,50
1,103,2023-07-17,52
1,103,2023-07-18,41
1,103,2023-07-19,50
1,103,2023-07-20,57
1,103,2023-07-21,52
1,103,2023-07-22,45
1,103,2023-07-23,42
1,103,2023-07-24,52
1,103,2023-07-25,41
1,103,2023-07-26,49
1,103,2023-07-27,50
1,103,2023-07-28,39
1,103,2023-07-29,56
1,103,2023-07-30,56
1,103,2023-07-31,41
1,103,2023-08-01,41
1,103,2023-08-02,48
1,103,2023-08-03,42
1,103,2023-08-04,57
1,103,2023-08-05,48
1,103,2023-08-06,47
1,103,2023-08-07,45
1,103,2023-08-08,43
1,103,2023-08-09,43
1,103,2023-08-10,45
1,103,2023-08-11,52
1,103,2023-08-12,51
1,103,2023-08-13,48
1,103,2023-08-14,49
1,103,2023-08-15,50
1,103,2023-08-16,45
1,103,2023-08-17,55
1,103,2023-08-18,38
1,103,2023-08-19,52
1,103,2023-08-20,45
1,103,2023-08-21,48
1,103,2023-08-22,49
1,103,2023-08-23,49
1,103,2023-08-24,41
1,103,2023-08-25,53
1,103,2023-08-26,41
1,103,2023-08-27,42
1,103,2023-08-28,42
1,103,2023-08-29,45
1,103,2023-08-30,47
1,103,2023-08-31,54
1,103,2023-09-01,46
1,103,2023-09-02,56
1,103,2023-09-03,51
1,103,2023-09-04,45
1,103,2023-09-05,46
1,103,2023-09-06,48
1,103,2023-09-07,38
1,103,2023-09-08,51
1,103,2023-09-09,42
1,103,2023-09-10,51
1,103,2023-09-11,41
1,103,2023-09-12,38
1,103,2023-09-13,56
1,103,2023-09-14,45
1,103,2023-09-15,52
1,103,2023-09-16,52
1,103,2023-09-17,46
1,103,2023-09-18,46
1,103,2023-09-19,47
1,103,2023-09-20,57
1,103,2023-09-21,46
1,103,2023-09-22,40
1,103,2023-09-23,57
1,103,2023-09-24,48
1,103,2023-09-25,43
1,103,2023-09-26,39
1,103,2023-09-27,44
1,103,2023-09-28,55
1,103,2023-09-29,39
1,103,2023-09-30,54
1,103,2023-10-01,48
1,103,2023-10-02,49
1,103,2023-10-03,56
1,103,2023-10-04,44
1,103,2023-10-05,57
1,103,2023-10-06,43
1,103,2023-10-07,38
1,103,2023-10-08,54
1,103,2023-10-09,48
1,103,2023-10-10,55
1,103,2023-10-11,54
1,103,2023-10-12,44
1,103,2023-10-13,54
1,103,2023-10-14,57
1,103,2023-10-15,46
1,103,2023-10-16,54
1,103,2023-10-17,57
1,103,2023-10-18,45
1,103,2023-10-19,54
1,103,2023-10-20,44
1,103,2023-10-21,38
1,103,2023-10-22,50
1,103,2023-10-23,56
1,103,2023-10-24,56
1,103,2023-10-25,54
1,103,2023-10-26,50
1,103,2023-10-27,53
1,103,2023-10-28,45
1,103,2023-10-29,56
1,103,2023-10-30,55
1,103,2023-10-31,38
1,103,2023-11-01,51
1,103,2023-11-02,56
1,103,2023-11-03,52
1,103,2023-11-04,55
1,103,2023-11-05,39
1,103,2023-11-06,54
1,103,2023-11-07,55
1,103,2023-11-08,43
1,103,2023-11-09,56
1,103,2023-11-10,41
1,103,2023-11-11,38
1,103,2023-11-12,45
1,103,2023-11-13,44
1,103,2023-11-14,40
1,103,2023-11-15,47
1,103,2023-11-16,47
1,103,2023-11-17,56
1,103,2023-11-18,51
1,103,2023-11-19,39
1,103,2023-11-20,38
1,103,2023-11-21,55
1,103,2023-11-22,44
1,103,2023-11-23,45
1,103,2023-11-24,38
1,103,2023-11-25,40
1,103,2023-11-26,45
1,103,2023-11-27,52
1,103,2023-11-28,42
1,103,2023-11-29,40
1,103,2023-11-30,56
1,103,2023-12-01,38
1,103,2023-12-02,52
1,103,2023-12-03,45
1,103,2023-12-04,39
1,103,2023-12-05,40
1,103,2023-12-06,51
1,103,2023-12-07,51
1,103,2023-12-08,48
1,103,2023-12-09,53
1,103,2023-12-10,41
1,103,2023-12-11,57
1,103,2023-12-12,42
1,103,2023-12-13,51
1,103,2023-12-14,53
1,103,2023-12-15,55
1,103,2023-12-16,44
1,103,2023-12-17,47
1,103,2023-12-18,44
1,103,2023-12-19,38
1,103,2023-12-20,56
1,103,2023-12-21,53
1,103,2023-12-22,56
1,103,2023-12-23,41
1,103,2023-12-24,55
1,103,2023-12-25,39
1,103,2023-12-26,38
1,103,2023-12-27,52
1,103,2023-12-28,42
1,103,2023-12-29,57
1,103,2023-12-30,48
1,103,2023-12-31,47
2,101,2023-01-01,13
2,101,2023-01-02,22
2,101,2023-01-03,30
2,101,2023-01-04,15
2,101,2023-01-05,15
2,101,2023-01-06,16
2,101,2023-01-07,19
2,101,2023-01-08,12
2,101,2023-01-09,22
2,101,2023-01-10,13
2,101,2023-01-11,30
2,101,2023-01-12,22
2,101,2023-01-13,27
2,101,2023-01-14,20
2,101,2023-01-15,24
2,101,2023-01-16,27
2,101,2023-01-17,28
2,101,2023-01-18,29
2,101,2023-01-19,27
2,101,2023-01-20,24
2,101,2023-01-21,19
2,101,2023-01-22,18
2,101,2023-01-23,12
2,101,2023-01-24,23
2,101,2023-01-25,17
2,101,2023-01-26,19
2,101,2023-01-27,21
2,101,2023-01-28,24
2,101,2023-01-29,14
2,101,2023-01-30,23
2,101,2023-01-31,12
2,101,2023-02-01,15
2,101,2023-02-02,21
2,101,2023-02-03,16
2,101,2023-02-04,28
2,101,2023-02-05,20
2,101,2023-02-06,14
2,101,2023-02-07,19
2,101,2023-02-08,16
2,101,2023-02-09,12
2,101,2023-02-10,27
2,101,2023-02-11,15
2,101,2023-02-12,16
2,101,2023-02-13,22
2,101,2023-02-14,20
2,101,2023-02-15,16
2,101,2023-02-16,18
2,101,2023-02-17,12
2,101,2023-02-18,22
2,101,2023-02-19,23
2,101,2023-02-20,17
2,101,2023-02-21,20
2,101,2023-02-22,23
2,101,2023-02-23,27
2,101,2023-02-24,24
2,101,2023-02-25,12
2,101,2023-02-26,21
2,101,2023-02-27,11
2,101,2023-02-28,29
2,101,2023-03-01,14
2,101,2023-03-02,29
2,101,2023-03-03,21
2,101,2023-03-04,18
2,101,2023-03-05,21
2,101,2023-03-06,14
2,101,2023-03-07,27
2,101,2023-03-08,17
2,101,2023-03-09,18
2,101,2023-03-10,13
2,101,2023-03-11,12
2,101,2023-03-12,25
2,101,2023-03-13,15
2,101,2023-03-14,11
2,101,2023-03-15,14
2,101,2023-03-16,25
2,101,2023-03-17,30
2,101,2023-03-18,29
2,101,2023-03-19,13
2,101,2023-03-20,30
2,101,2023-03-21,21
2,101,2023-03-22,27
2,101,2023-03-23,23
2,101,2023-03-24,21
2,101,2023-03-25,12
2,101,2023-03-26,19
2,101,2023-03-27,12
2,101,2023-03-28,19
2,101,2023-03-29,19
2,101,2023-03-30,18
2,101,2023-03-31,27
2,101,2023-04-01,11
2,101,2023-04-02,21
2,101,2023-04-03,18
2,101,2023-04-04,20
2,101,2023-04-05,17
2,101,2023-04-06,13
2,101,2023-04-07,13
2,101,2023-04-08,28
2,101,2023-04-09,15
2,101,2023-04-10,22
2,101,2023-04-11,22
2,101,2023-04-12,29
2,101,2023-04-13,16
2,101,2023-04-14,12
2,101,2023-04-15,22
2,101,2023-04-16,29
2,101,2023-04-17,15
2,101,2023-04-18,22
2,101,2023-04-19,27
2,101,2023-04-20,27
2,101,2023-04-21,20
2,101,2023-04-22,27
2,101,2023-04-23,25
2,101,2023-04-24,22
2,101,2023-04-25,26
2,101,2023-04-26,29
2,101,2023-04-27,18
2,101,2023-04-28,27
2,101,2023-04-29,15
2,101,2023-04-30,26
2,101,2023-05-01,16
2,101,2023-05-02,18
2,101,2023-05-03,28
2,101,2023-05-04,22
2,101,2023-05-05,25
2,101,2023-05-06,19
2,101,2023-05-07,23
2,101,2023-05-08,25
2,101,2023-05-09,20
2,101,2023-05-10,26
2,101,2023-05-11,17
2,101,2023-05-12,27
2,101,2023-05-13,17
2,101,2023-05-14,24
2,101,2023-05-15,25
2,101,2023-05-16,17
2,101,2023-05-17,19
2,101,2023-05-18,29
2,101,2023-05-19,26
2,101,2023-05-20,18
2,101,2023-05-21,28
2,101,2023-05-22,28
2,101,2023-05-23,30
2,101,2023-05-24,17
2,101,2023-05-25,13
2,101,2023-05-26,28
2,101,2023-05-27,20
2,101,2023-05-28,17
2,101,2023-05-29,27
2,101,2023-05-30,24
2,101,2023-05-31,13
2,101,2023-06-01,22
2,101,2023-06-02,23
2,101,2023-06-03,12
2,101,2023-06-04,13
2,101,2023-06-05,15
2,101,2023-06-06,21
2,101,2023-06-07,18
2,101,2023-06-08,22
2,101,2023-06-09,17
2,101,2023-06-10,25
2,101,2023-06-11,27
2,101,2023-06-12,14
2,101,2023-06-13,23
2,101,2023-06-14,28
2,101,2023-06-15,11
2,101,2023-06-16,26
2,101,2023-06-17,23
2,101,2023-06-18,20
2,101,2023-06-19,22
2,101,2023-06-20,12
2,101,2023-06-21,13
2,101,2023-06-22,20
2,101,2023-06-23,12
2,101,2023-06-24,23
2,101,2023-06-25,23
2,101,2023-06-26,28
2,101,2023-06-27,13
2,101,2023-06-28,17
2,101,2023-06-29,24
2,101,2023-06-30,30
2,101,2023-07-01,27
2,101,2023-07-02,22
2,101,2023-07-03,26
2,101,2023-07-04,22
2,101,2023-07-05,25
2,101,2023-07-06,20
2,101,2023-07-07,17
2,101,2023-07-08,30
2,101,2023-07-09,15
2,101,2023-07-10,11
2,101,2023-07-11,27
2,101,2023-07-12,13
2,101,2023-07-13,23
2,101,2023-07-14,24
2,101,2023-07-15,28
2,101,2023-07-16,14
2,101,2023-07-17,28
2,101,2023-07-18,15
2,101,2023-07-19,26
2,101,2023-07-20,11
2,101,2023-07-21,24
2,101,2023-07-22,25
2,101,2023-07-23,19
2,101,2023-07-24,25
2,101,2023-07-25,27
2,101,2023-07-26,14
2,101,2023-07-27,22
2,101,2023-07-28,15
2,101,2023-07-29,15
2,101,2023-07-30,21
2,101,2023-07-31,16
2,101,2023-08-01,17
2,101,2023-08-02,24
2,101,2023-08-03,21
2,101,2023-08-04,23
2,101,2023-08-05,12
2,101,2023-08-06,17
2,101,2023-08-07,30
2,101,2023-08-08,14
2,101,2023-08-09,18
2,101,2023-08-10,30
2,101,2023-08-11,29
2,101,2023-08-12,23
2,101,2023-08-13,24
2,101,2023-08-14,20
2,101,2023-08-15,21
2,101,2023-08-16,12
2,101,2023-08-17,19
2,101,2023-08-18,27
2,101,2023-08-19,13
2,101,2023-08-20,16
2,101,2023-08-21,15
2,101,2023-08-22,15
2,101,2023-08-23,25
2,101,2023-08-24,27
2,101,2023-08-25,19
2,101,2023-08-26,13
2,101,2023-08-27,30
2,101,2023-08-28,27
2,101,2023-08-29,20
2,101,2023-08-30,13
2,101,2023-08-31,28
2,101,2023-09-01,28
2,101,2023-09-02,27
2,101,2023-09-03,13
2,101,2023-09-04,13
2,101,2023-09-05,16
2,101,2023-09-06,23
2,101,2023-09-07,25
2,101,2023-09-08,19
2,101,2023-09-09,14
2,101,2023-09-10,24
2,101,2023-09-11,15
2,101,2023-09-12,12
2,101,2023-09-13,21
2,101,2023-09-14,19
2,101,2023-09-15,13
2,101,2023-09-16,19
2,101,2023-09-17,13
2,101,2023-09-18,12
2,101,2023-09-19,22
2,101,2023-09-20,20
2,101,2023-09-21,19
2,101,2023-09-22,25
2,101,2023-09-23,18
2,101,2023-09-24,15
2,101,2023-09-25,21
2,101,2023-09-26,12
2,101,2023-09-27,25
2,101,2023-09-28,16
2,101,2023-09-29,18
2,101,2023-09-30,15
2,101,2023-10-01,26
2,101,2023-10-02,28
2,101,2023-10-03,16
2,101,2023-10-04,15
2,101,2023-10-05,26
2,101,2023-10-06,23
2,101,2023-10-07,15
2,101,2023-10-08,23
2,101,2023-10-09,27
2,101,2023-10-10,28
2,101,2023-10-11,18
2,101,2023-10-12,23
2,101,2023-10-13,29
2,101,2023-10-14,13
2,101,2023-10-15,18
2,101,2023-10-16,12
2,101,2023-10-17,18
2,101,2023-10-18,23
2,101,2023-10-19,23
2,101,2023-10-20,11
2,101,2023-10-21,16
2,101,2023-10-22,29
2,101,2023-10-23,26
2,101,2023-10-24,18
2,101,2023-10-25,11
2,101,2023-10-26,26
2,101,2023-10-27,19
2,101,2023-10-28,23
2,101,2023-10-29,21
2,101,2023-10-30,23
2,101,2023-10-31,20
2,101,2023-11-01,14
2,101,2023-11-02,16
2,101,2023-11-03,17
2,101,2023-11-04,15
2,101,2023-11-05,21
2,101,2023-11-06,23
2,101,2023-11-07,29
2,101,2023-11-08,20
2,101,2023-11-09,20
2,101,2023-11-10,21
2,101,2023-11-11,17
2,101,2023-11-12,28
2,101,2023-11-13,14
2,101,2023-11-14,12
2,101,2023-11-15,24
2,101,2023-11-16,23
2,101,2023-11-17,22
2,101,2023-11-18,17
2,101,2023-11-19,12
2,101,2023-11-20,23
2,101,2023-11-21,24
2,101,2023-11-22,27
2,101,2023-11-23,19
2,101,2023-11-24,27
2,101,2023-11-25,18
2,101,2023-11-26,12
2,101,2023-11-27,23
2,101,2023-11-28,13
2,101,2023-11-29,26
2,101,2023-11-30,16
2,101,2023-12-01,29
2,101,2023-12-02,17
2,101,2023-12-03,20
2,101,2023-12-04,19
2,101,2023-12-05,12
2,101,2023-12-06,25
2,101,2023-12-07,15
2,101,2023-12-08,14
2,101,2023-12-09,30
2,101,2023-12-10,14
2,101,2023-12-11,28
2,101,2023-12-12,14
2,101,2023-12-13,27
2,101,2023-12-14,22
2,101,2023-12-15,27
2,101,2023-12-16,20
2,101,2023-12-17,11
2,101,2023-12-18,28
2,101,2023-12-19,28
2,101,2023-12-20,24
2,101,2023-12-21,25
2,101,2023-12-22,22
2,101,2023-12-23,14
2,101,2023-12-24,13
2,101,2023-12-25,30
2,101,2023-12-26,22
2,101,2023-12-27,17
2,101,2023-12-28,21
2,101,2023-12-29,11
2,101,2023-12-30,16
2,101,2023-12-31,25
2,102,2023-01-01,42
2,102,2023-01-02,34
2,102,2023-01-03,25
2,102,2023-01-04,37
2,102,2023-01-05,25
2,102,2023-01-06,27
2,102,2023-01-07,40
2,102,2023-01-08,26
2,102,2023-01-09,36
2,102,2023-01-10,32
2,102,2023-01-11,30
2,102,2023-01-12,38
2,102,2023-01-13,34
2,102,2023-01-14,43
2,102,2023-01-15,25
2,102,2023-01-16,38
2,102,2023-01-17,37
2,102,2023-01-18,43
2,102,2023-01-19,34
2,102,2023-01-20,26
2,102,2023-01-21,40
2,102,2023-01-22,35
2,102,2023-01-23,38
2,102,2023-01-24,39
2,102,2023-01-25,28
2,102,2023-01-26,43
2,102,2023-01-27,29
2,102,2023-01-28,42
2,102,2023-01-29,28
2,102,2023-01-30,26
2,102,2023-01-31,24
2,102,2023-02-01,29
2,102,2023-02-02,38
2,102,2023-02-03,25
2,102,2023-02-04,26
2,102,2023-02-05,40
2,102,2023-02-06,35
2,102,2023-02-07,41
2,102,2023-02-08,38
2,102,2023-02-09,35
2,102,2023-02-10,39
2,102,2023-02-11,31
2,102,2023-02-12,37
2,102,2023-02-13,40
2,102,2023-02-14,31
2,102,2023-02-15,38
2,102,2023-02-16,37
2,102,2023-02-17,41
2,102,2023-02-18,43
2,102,2023-02-19,30
2,102,2023-02-20,26
2,102,2023-02-21,35
2,102,2023-02-22,26
2,102,2023-02-23,43
2,102,2023-02-24,37
2,102,2023-02-25,38
2,102,2023-02-26,37
2,102,2023-02-27,30
2,102,2023-02-28,40
2,102,2023-03-01,35
2,102,2023-03-02,43
2,102,2023-03-03,27
2,102,2023-03-04,32
2,102,2023-03-05,29
2,102,2023-03-06,39
2,102,2023-03-07,25
2,102,2023-03-08,31
2,102,2023-03-09,34
2,102,2023-03-10,36
2,102,2023-03-11,40
2,102,2023-03-12,31
2,102,2023-03-13,41
2,102,2023-03-14,41
2,102,2023-03-15,37
2,102,2023-03-16,38
2,102,2023-03-17,29
2,102,2023-03-18,34
2,102,2023-03-19,36
2,102,2023-03-20,24
2,102,2023-03-21,29
2,102,2023-03-22,32
2,102,2023-03-23,31
2,102,2023-03-24,34
2,102,2023-03-25,42
2,102,2023-03-26,32
2,102,2023-03-27,40
2,102,2023-03-28,35
2,102,2023-03-29,37
2,102,2023-03-30,38
2,102,2023-03-31,39
2,102,2023-04-01,43
2,102,2023-04-02,24
2,102,2023-04-03,33
2,102,2023-04-04,31
2,102,2023-04-05,41
2,102,2023-04-06,24
2,102,2023-04-07,25
2,102,2023-04-08,24
2,102,2023-04-09,24
2,102,2023-04-10,32
2,102,2023-04-11,36
2,102,2023-04-12,24
2,102,2023-04-13,36
2,102,2023-04-14,43
2,102,2023-04-15,30
2,102,2023-04-16,25
2,102,2023-04-17,29
2,102,2023-04-18,30
2,102,2023-04-19,37
2,102,2023-04-20,41
2,102,2023-04-21,38
2,102,2023-04-22,25
2,102,2023-04-23,33
2,102,2023-04-24,35
2,102,2023-04-25,40
2,102,2023-04-26,31
2,102,2023-04-27,34
2,102,2023-04-28,26
2,102,2023-04-29,29
2,102,2023-04-30,32
2,102,2023-05-01,29
2,102,2023-05-02,32
2,102,2023-05-03,30
2,102,2023-05-04,32
2,102,2023-05-05,41
2,102,2023-05-06,35
2,102,2023-05-07,31
2,102,2023-05-08,31
2,102,2023-05-09,41
2,102,2023-05-10,43
2,102,2023-05-11,38
2,102,2023-05-12,30
2,102,2023-05-13,34
2,102,2023-05-14,43
2,102,2023-05-15,39
2,102,2023-05-16,27
2,102,2023-05-17,29
2,102,2023-05-18,26
2,102,2023-05-19,32
2,102,2023-05-20,33
2,102,2023-05-21,37
2,102,2023-05-22,34
2,102,2023-05-23,41
2,102,2023-05-24,35
2,102,2023-05-25,35
2,102,2023-05-26,36
2,102,2023-05-27,36
2,102,2023-05-28,42
2,102,2023-05-29,42
2,102,2023-05-30,37
2,102,2023-05-31,27
2,102,2023-06-01,36
2,102,2023-06-02,31
2,102,2023-06-03,42
2,102,2023-06-04,35
2,102,2023-06-05,41
2,102,2023-06-06,29
2,102,2023-06-07,41
2,102,2023-06-08,42
2,102,2023-06-09,28
2,102,2023-06-10,32
2,102,2023-06-11,26
2,102,2023-06-12,33
2,102,2023-06-13,42
2,102,2023-06-14,26
2,102,2023-06-15,38
2,102,2023-06-16,24
2,102,2023-06-17,30
2,102,2023-06-18,35
2,102,2023-06-19,40
2,102,2023-06-20,43
2,102,2023-06-21,28
2,102,2023-06-22,27
2,102,2023-06-23,35
2,102,2023-06-24,43
2,102,2023-06-25,41
2,102,2023-06-26,40
2,102,2023-06-27,42
2,102,2023-06-28,32
2,102,2023-06-29,27
2,102,2023-06-30,25
2,102,2023-07-01,27
2,102,2023-07-02,25
2,102,2023-07-03,38
2,102,2023-07-04,25
2,102,2023-07-05,27
2,102,2023-07-06,29
2,102,2023-07-07,30
2,102,2023-07-08,33
2,102,2023-07-09,42
2,102,2023-07-10,42
2,102,2023-07-11,35
2,102,2023-07-12,26
2,102,2023-07-13,36
2,102,2023-07-14,41
2,102,2023-07-15,31
2,102,2023-07-16,38
2,102,2023-07-17,24
2,102,2023-07-18,26
2,102,2023-07-19,31
2,102,2023-07-20,27
2,102,2023-07-21,39
2,102,2023-07-22,33
2,102,2023-07-23,35
2,102,2023-07-24,37
2,102,2023-07-25,37
2,102,2023-07-26,25
2,102,2023-07-27,28
2,102,2023-07-28,28
2,102,2023-07-29,29
2,102,2023-07-30,36
2,102,2023-07-31,32
2,102,2023-08-01,38
2,102,2023-08-02,37
2,102,2023-08-03,30
2,102,2023-08-04,43
2,102,2023-08-05,25
2,102,2023-08-06,30
2,102,2023-08-07,29
2,102,2023-08-08,40
2,102,2023-08-09,25
2,102,2023-08-10,26
2,102,2023-08-11,28
2,102,2023-08-12,28
2,102,2023-08-13,24
2,102,2023-08-14,31
2,102,2023-08-15,35
2,102,2023-08-16,27
2,102,2023-08-17,36
2,102,2023-08-18,38
2,102,2023-08-19,34
2,102,2023-08-20,33
2,102,2023-08-21,26
2,102,2023-08-22,37
2,102,2023-08-23,39
2,102,2023-08-24,33
2,102,2023-08-25,33
2,102,2023-08-26,35
2,102,2023-08-27,32
2,102,2023-08-28,24
2,102,2023-08-29,28
2,102,2023-08-30,43
2,102,2023-08-31,31
2,102,2023-09-01,34
2,102,2023-09-02,35
2,102,2023-09-03,24
2,102,2023-09-04,43
2,102,2023-09-05,34
2,102,2023-09-06,28
2,102,2023-09-07,38
2,102,2023-09-08,28
2,102,2023-09-09,35
2,102,2023-09-10,28
2,102,2023-09-11,40
2,102,2023-09-12,40
2,102,2023-09-13,35
2,102,2023-09-14,38
2,102,2023-09-15,38
2,102,2023-09-16,29
2,102,2023-09-17,35
2,102,2023-09-18,43
2,102,2023-09-19,41
2,102,2023-09-20,37
2,102,2023-09-21,25
2,102,2023-09-22,32
2,102,2023-09-23,28
2,102,2023-09-24,43
2,102,2023-09-25,24
2,102,2023-09-26,26
2,102,2023-09-27,29
2,102,2023-09-28,28
2,102,2023-09-29,28
2,102,2023-09-30,24
2,102,2023-10-01,40
2,102,2023-10-02,42
2,102,2023-10-03,37
2,102,2023-10-04,35
2,102,2023-10-05,33
2,102,2023-10-06,43
2,102,2023-10-07,41
2,102,2023-10-08,34
2,102,2023-10-09,25
2,102,2023-10-10,41
2,102,2023-10-11,30
2,102,2023-10-12,38
2,102,2023-10-13,34
2,102,2023-10-14,41
2,102,2023-10-15,35
2,102,2023-10-16,29
2,102,2023-10-17,43
2,102,2023-10-18,36
2,102,2023-10-19,43
2,102,2023-10-20,39
2,102,2023-10-21,41
2,102,2023-10-22,33
2,102,2023-10-23,31
2,102,2023-10-24,41
2,102,2023-10-25,24
2,102,2023-10-26,31
2,102,2023-10-27,29
2,102,2023-10-28,28
2,102,2023-10-29,38
2,102,2023-10-30,38
2,102,2023-10-31,25
2,102,2023-11-01,24
2,102,2023-11-02,34
2,102,2023-11-03,33
2,102,2023-11-04,41
2,102,2023-11-05,41
2,102,2023-11-06,40
2,102,2023-11-07,31
2,102,2023-11-08,38
2,102,2023-11-09,31
2,102,2023-11-10,40
2,102,2023-11-11,35
2,102,2023-11-12,31
2,102,2023-11-13,37
2,102,2023-11-14,27
2,102,2023-11-15,24
2,102,2023-11-16,24
2,102,2023-11-17,42
2,102,2023-11-18,39
2,102,2023-11-19,37
2,102,2023-11-20,39
2,102,2023-11-21,28
2,102,2023-11-22,32
2,102,2023-11-23,25
2,102,2023-11-24,41
2,102,2023-11-25,29
2,102,2023-11-26,32
2,102,2023-11-27,24
2,102,2023-11-28,32
2,102,2023-11-29,39
2,102,2023-11-30,36
2,102,2023-12-01,32
2,102,2023-12-02,36
2,102,2023-12-03,32
2,102,2023-12-04,34
2,102,2023-12-05,27
2,102,2023-12-06,25
2,102,2023-12-07,29
2,102,2023-12-08,37
2,102,2023-12-09,27
2,102,2023-12-10,29
2,102,2023-12-11,42
2,102,2023-12-12,29
2,102,2023-12-13,25
2,102,2023-12-14,41
2,102,2023-12-15,36
2,102,2023-12-16,32
2,102,2023-12-17,42
2,102,2023-12-18,36
2,102,2023-12-19,34
2,102,2023-12-20,24
2,102,2023-12-21,30
2,102,2023-12-22,38
2,102,2023-12-23,24
2,102,2023-12-24,35
2,102,2023-12-25,30
2,102,2023-12-26,38
2,102,2023-12-27,42
2,102,2023-12-28,24
2,102,2023-12-29,40
2,102,2023-12-30,40
2,102,2023-12-31,26
2,103,2023-01-01,26
2,103,2023-01-02,31
2,103,2023-01-03,23
2,103,2023-01-04,28
2,103,2023-01-05,34
2,103,2023-01-06,34
2,103,2023-01-07,30
2,103,2023-01-08,22
2,103,2023-01-09,34
2,103,2023-01-10,29
2,103,2023-01-11,23
2,103,2023-01-12,28
2,103,2023-01-13,36
2,103,2023-01-14,22
2,103,2023-01-15,26
2,103,2023-01-16,32
2,103,2023-01-17,25
2,103,2023-01-18,22
2,103,2023-01-19,36
2,103,2023-01-20,25
2,103,2023-01-21,35
2,103,2023-01-22,32
2,103,2023-01-23,24
2,103,2023-01-24,35
2,103,2023-01-25,31
2,103,2023-01-26,36
2,103,2023-01-27,26
2,103,2023-01-28,34
2,103,2023-01-29,38
2,103,2023-01-30,32
2,103,2023-01-31,31
2,103,2023-02-01,33
2,103,2023-02-02,31
2,103,2023-02-03,36
2,103,2023-02-04,35
2,103,2023-02-05,35
2,103,2023-02-06,24
2,103,2023-02-07,31
2,103,2023-02-08,39
2,103,2023-02-09,35
2,103,2023-02-10,24
2,103,2023-02-11,33
2,103,2023-02-12,39
2,103,2023-02-13,22
2,103,2023-02-14,34
2,103,2023-02-15,24
2,103,2023-02-16,36
2,103,2023-02-17,40
2,103,2023-02-18,34
2,103,2023-02-19,35
2,103,2023-02-20,23
2,103,2023-02-21,28
2,103,2023-02-22,36
2,103,2023-02-23,30
2,103,2023-02-24,24
2,103,2023-02-25,38
2,103,2023-02-26,22
2,103,2023-02-27,37
2,103,2023-02-28,33
2,103,2023-03-01,24
2,103,2023-03-02,31
2,103,2023-03-03,27
2,103,2023-03-04,32
2,103,2023-03-05,30
2,103,2023-03-06,27
2,103,2023-03-07,33
2,103,2023-03-08,27
2,103,2023-03-09,37
2,103,2023-03-10,30
2,103,2023-03-11,30
2,103,2023-03-12,24
2,103,2023-03-13,40
2,103,2023-03-14,24
2,103,2023-03-15,27
2,103,2023-03-16,21
2,103,2023-03-17,32
2,103,2023-03-18,33
2,103,2023-03-19,30
2,103,2023-03-20,35
2,103,2023-03-21,33
2,103,2023-03-22,29
2,103,2023-03-23,29
2,103,2023-03-24,35
2,103,2023-03-25,30
2,103,2023-03-26,30
2,103,2023-03-27,28
2,103,2023-03-28,36
2,103,2023-03-29,37
2,103,2023-03-30,25
2,103,2023-03-31,24
2,103,2023-04-01,38
2,103,2023-04-02,39
2,103,2023-04-03,24
2,103,2023-04-04,27
2,103,2023-04-05,30
2,103,2023-04-06,38
2,103,2023-04-07,39
2,103,2023-04-08,24
2,103,2023-04-09,30
2,103,2023-04-10,21
2,103,2023-04-11,38
2,103,2023-04-12,25
2,103,2023-04-13,35
2,103,2023-04-14,37
2,103,2023-04-15,23
2,103,2023-04-16,32
2,103,2023-04-17,22
2,103,2023-04-18,21
2,103,2023-04-19,37
2,103,2023-04-20,36
2,103,2023-04-21,25
2,103,2023-04-22,35
2,103,2023-04-23,23
2,103,2023-04-24,27
2,103,2023-04-25,31
2,103,2023-04-26,30
2,103,2023-04-27,29
2,103,2023-04-28,34
2,103,2023-04-29,33
2,103,2023-04-30,22
2,103,2023-05-01,23
2,103,2023-05-02,27
2,103,2023-05-03,38
2,103,2023-05-04,23
2,103,2023-05-05,30
2,103,2023-05-06,27
2,103,2023-05-07,29
2,103,2023-05-08,37
2,103,2023-05-09,31
2,103,2023-05-10,27
2,103,2023-05-11,34
2,103,2023-05-12,39
2,103,2023-05-13,24
2,103,2023-05-14,26
2,103,2023-05-15,30
2,103,2023-05-16,27
2,103,2023-05-17,33
2,103,2023-05-18,34
2,103,2023-05-19,24
2,103,2023-05-20,28
2,103,2023-05-21,25
2,103,2023-05-22,21
2,103,2023-05-23,24
2,103,2023-05-24,23
2,103,2023-05-25,29
2,103,2023-05-26,28
2,103,2023-05-27,21
2,103,2023-05-28,26
2,103,2023-05-29,29
2,103,2023-05-30,27
2,103,2023-05-31,24
2,103,2023-06-01,33
2,103,2023-06-02,37
2,103,2023-06-03,22
2,103,2023-06-04,25
2,103,2023-06-05,32
2,103,2023-06-06,28
2,103,2023-06-07,26
2,103,2023-06-08,28
2,103,2023-06-09,38
2,103,2023-06-10,23
2,103,2023-06-11,32
2,103,2023-06-12,23
2,103,2023-06-13,26
2,103,2023-06-14,22
2,103,2023-06-15,32
2,103,2023-06-16,22
2,103,2023-06-17,26
2,103,2023-06-18,37
2,103,2023-06-19,23
2,103,2023-06-20,22
2,103,2023-06-21,40
2,103,2023-06-22,28
2,103,2023-06-23,32
2,103,2023-06-24,24
2,103,2023-06-25,25
2,103,2023-06-26,33
2,103,2023-06-27,35
2,103,2023-06-28,36
2,103,2023-06-29,30
2,103,2023-06-30,36
2,103,2023-07-01,32
2,103,2023-07-02,37
2,103,2023-07-03,36
2,103,2023-07-04,32
2,103,2023-07-05,28
2,103,2023-07-06,40
2,103,2023-07-07,23
2,103,2023-07-08,36
2,103,2023-07-09,33
2,103,2023-07-10,39
2,103,2023-07-11,28
2,103,2023-07-12,25
2,103,2023-07-13,40
2,103,2023-07-14,28
2,103,2023-07-15,32
2,103,2023-07-16,21
2,103,2023-07-17,40
2,103,2023-07-18,26
2,103,2023-07-19,38
2,103,2023-07-20,28
2,103,2023-07-21,27
2,103,2023-07-22,21
2,103,2023-07-23,36
2,103,2023-07-24,32
2,103,2023-07-25,26
2,103,2023-07-26,40
2,103,2023-07-27,22
2,103,2023-07-28,34
2,103,2023-07-29,24
2,103,2023-07-30,21
2,103,2023-07-31,38
2,103,2023-08-01,33
2,103,2023-08-02,22
2,103,2023-08-03,29
2,103,2023-08-04,22
2,103,2023-08-05,29
2,103,2023-08-06,21
2,103,2023-08-07,31
2,103,2023-08-08,23
2,103,2023-08-09,40
2,103,2023-08-10,24
2,103,2023-08-11,38
2,103,2023-08-12,26
2,103,2023-08-13,23
2,103,2023-08-14,31
2,103,2023-08-15,35
2,103,2023-08-16,25
2,103,2023-08-17,40
2,103,2023-08-18,30
2,103,2023-08-19,32
2,103,2023-08-20,35
2,103,2023-08-21,37
2,103,2023-08-22,30
2,103,2023-08-23,26
2,103,2023-08-24,38
2,103,2023-08-25,33
2,103,2023-08-26,23
2,103,2023-08-27,30
2,103,2023-08-28,34
2,103,2023-08-29,26
2,103,2023-08-30,23
2,103,2023-08-31,36
2,103,2023-09-01,27
2,103,2023-09-02,40
2,103,2023-09-03,34
2,103,2023-09-04,29
2,103,2023-09-05,35
2,103,2023-09-06,23
2,103,2023-09-07,22
2,103,2023-09-08,22
2,103,2023-09-09,23
2,103,2023-09-10,38
2,103,2023-09-11,34
2,103,2023-09-12,40
2,103,2023-09-13,38
2,103,2023-09-14,30
2,103,2023-09-15,22
2,103,2023-09-16,21
2,103,2023-09-17,24
2,103,2023-09-18,34
2,103,2023-09-19,21
2,103,2023-09-20,34
2,103,2023-09-21,36
2,103,2023-09-22,34
2,103,2023-09-23,40
2,103,2023-09-24,23
2,103,2023-09-25,23
2,103,2023-09-26,29
2,103,2023-09-27,26
2,103,2023-09-28,33
2,103,2023-09-29,22
2,103,2023-09-30,28
2,103,2023-10-01,22
2,103,2023-10-02,24
2,103,2023-10-03,35
2,103,2023-10-04,24
2,103,2023-10-05,33
2,103,2023-10-06,32
2,103,2023-10-07,33
2,103,2023-10-08,34
2,103,2023-10-09,40
2,103,2023-10-10,38
2,103,2023-10-11,26
2,103,2023-10-12,31
2,103,2023-10-13,22
2,103,2023-10-14,39
2,103,2023-10-15,39
2,103,2023-10-16,25
2,103,2023-10-17,39
2,103,2023-10-18,22
2,103,2023-10-19,30
2,103,2023-10-20,22
2,103,2023-10-21,31
2,103,2023-10-22,38
2,103,2023-10-23,35
2,103,2023-10-24,29
2,103,2023-10-25,39
2,103,2023-10-26,29
2,103,2023-10-27,23
2,103,2023-10-28,29
2,103,2023-10-29,34
2,103,2023-10-30,39
2,103,2023-10-31,27
2,103,2023-11-01,36
2,103,2023-11-02,36
2,103,2023-11-03,21
2,103,2023-11-04,24
2,103,2023-11-05,24
2,103,2023-11-06,27
2,103,2023-11-07,28
2,103,2023-11-08,37
2,103,2023-11-09,25
2,103,2023-11-10,27
2,103,2023-11-11,40
2,103,2023-11-12,40
2,103,2023-11-13,24
2,103,2023-11-14,26
2,103,2023-11-15,27
2,103,2023-11-16,38
2,103,2023-11-17,25
2,103,2023-11-18,40
2,103,2023-11-19,23
2,103,2023-11-20,27
2,103,2023-11-21,34
2,103,2023-11-22,27
2,103,2023-11-23,25
2,103,2023-11-24,25
2,103,2023-11-25,22
2,103,2023-11-26,26
2,103,2023-11-27,35
2,103,2023-11-28,30
2,103,2023-11-29,27
2,103,2023-11-30,25
2,103,2023-12-01,21
2,103,2023-12-02,33
2,103,2023-12-03,38
2,103,2023-12-04,33
2,103,2023-12-05,38
2,103,2023-12-06,25
2,103,2023-12-07,33
2,103,2023-12-08,24
2,103,2023-12-09,37
2,103,2023-12-10,23
2,103,2023-12-11,37
2,103,2023-12-12,31
2,103,2023-12-13,40
2,103,2023-12-14,24
2,103,2023-12-15,22
2,103,2023-12-16,40
2,103,2023-12-17,36
2,103,2023-12-18,38
2,103,2023-12-19,28
2,103,2023-12-20,23
2,103,2023-12-21,29
2,103,2023-12-22,40
2,103,2023-12-23,26
2,103,2023-12-24,30
2,103,2023-12-25,30
2,103,2023-12-26,33
2,103,2023-12-27,37
2,103,2023-12-28,29
2,103,2023-12-29,37
2,103,2023-12-30,29
2,103,2023-12-31,29
